Object ID,Category
2792000,MostlyStraight
2349000,Turns45deg
4684000,Turns85deg
160000,TurnsRandom
1587000,Burst
7647000,Back-forth
8984000,Dead
2792001,MostlyStraight
2349001,Turns45deg
4684001,Turns85deg
160001,TurnsRandom
1587001,Burst
7647001,Back-forth
8984001,Dead
2792002,MostlyStraight
2349002,Turns45deg
4684002,Turns85deg
160002,TurnsRandom
1587002,Burst
7647002,Back-forth
8984002,Dead
2792003,MostlyStraight
2349003,Turns45deg
4684003,Turns85deg
160003,TurnsRandom
1587003,Burst
7647003,Back-forth
8984003,Dead
2792004,MostlyStraight
2349004,Turns45deg
4684004,Turns85deg
160004,TurnsRandom
1587004,Burst
7647004,Back-forth
8984004,Dead
2792005,MostlyStraight
2349005,Turns45deg
4684005,Turns85deg
160005,TurnsRandom
1587005,Burst
7647005,Back-forth
8984005,Dead
2792006,MostlyStraight
2349006,Turns45deg
4684006,Turns85deg
160006,TurnsRandom
1587006,Burst
7647006,Back-forth
8984006,Dead
2792007,MostlyStraight
2349007,Turns45deg
4684007,Turns85deg
160007,TurnsRandom
1587007,Burst
7647007,Back-forth
8984007,Dead
2792008,MostlyStraight
2349008,Turns45deg
4684008,Turns85deg
160008,TurnsRandom
1587008,Burst
7647008,Back-forth
8984008,Dead
2792009,MostlyStraight
2349009,Turns45deg
4684009,Turns85deg
160009,TurnsRandom
1587009,Burst
7647009,Back-forth
8984009,Dead
2792010,MostlyStraight
2349010,Turns45deg
4684010,Turns85deg
160010,TurnsRandom
1587010,Burst
7647010,Back-forth
8984010,Dead
2792011,MostlyStraight
2349011,Turns45deg
4684011,Turns85deg
160011,TurnsRandom
1587011,Burst
7647011,Back-forth
8984011,Dead
2792012,MostlyStraight
2349012,Turns45deg
4684012,Turns85deg
160012,TurnsRandom
1587012,Burst
7647012,Back-forth
8984012,Dead
2792013,MostlyStraight
2349013,Turns45deg
4684013,Turns85deg
160013,TurnsRandom
1587013,Burst
7647013,Back-forth
8984013,Dead
2792014,MostlyStraight
2349014,Turns45deg
4684014,Turns85deg
160014,TurnsRandom
1587014,Burst
7647014,Back-forth
8984014,Dead
2792015,MostlyStraight
2349015,Turns45deg
4684015,Turns85deg
160015,TurnsRandom
1587015,Burst
7647015,Back-forth
8984015,Dead
2792016,MostlyStraight
2349016,Turns45deg
4684016,Turns85deg
160016,TurnsRandom
1587016,Burst
7647016,Back-forth
8984016,Dead
2792017,MostlyStraight
2349017,Turns45deg
4684017,Turns85deg
160017,TurnsRandom
1587017,Burst
7647017,Back-forth
8984017,Dead
2792018,MostlyStraight
2349018,Turns45deg
4684018,Turns85deg
160018,TurnsRandom
1587018,Burst
7647018,Back-forth
8984018,Dead
2792019,MostlyStraight
2349019,Turns45deg
4684019,Turns85deg
160019,TurnsRandom
1587019,Burst
7647019,Back-forth
8984019,Dead
2792020,MostlyStraight
2349020,Turns45deg
4684020,Turns85deg
160020,TurnsRandom
1587020,Burst
7647020,Back-forth
8984020,Dead
2792021,MostlyStraight
2349021,Turns45deg
4684021,Turns85deg
160021,TurnsRandom
1587021,Burst
7647021,Back-forth
8984021,Dead
2792022,MostlyStraight
2349022,Turns45deg
4684022,Turns85deg
160022,TurnsRandom
1587022,Burst
7647022,Back-forth
8984022,Dead
2792023,MostlyStraight
2349023,Turns45deg
4684023,Turns85deg
160023,TurnsRandom
1587023,Burst
7647023,Back-forth
8984023,Dead
2792024,MostlyStraight
2349024,Turns45deg
4684024,Turns85deg
160024,TurnsRandom
1587024,Burst
7647024,Back-forth
8984024,Dead
2792025,MostlyStraight
2349025,Turns45deg
4684025,Turns85deg
160025,TurnsRandom
1587025,Burst
7647025,Back-forth
8984025,Dead
2792026,MostlyStraight
2349026,Turns45deg
4684026,Turns85deg
160026,TurnsRandom
1587026,Burst
7647026,Back-forth
8984026,Dead
2792027,MostlyStraight
2349027,Turns45deg
4684027,Turns85deg
160027,TurnsRandom
1587027,Burst
7647027,Back-forth
8984027,Dead
2792028,MostlyStraight
2349028,Turns45deg
4684028,Turns85deg
160028,TurnsRandom
1587028,Burst
7647028,Back-forth
8984028,Dead
2792029,MostlyStraight
2349029,Turns45deg
4684029,Turns85deg
160029,TurnsRandom
1587029,Burst
7647029,Back-forth
8984029,Dead
2792030,MostlyStraight
2349030,Turns45deg
4684030,Turns85deg
160030,TurnsRandom
1587030,Burst
7647030,Back-forth
8984030,Dead
2792031,MostlyStraight
2349031,Turns45deg
4684031,Turns85deg
160031,TurnsRandom
1587031,Burst
7647031,Back-forth
8984031,Dead
2792032,MostlyStraight
2349032,Turns45deg
4684032,Turns85deg
160032,TurnsRandom
1587032,Burst
7647032,Back-forth
8984032,Dead
2792033,MostlyStraight
2349033,Turns45deg
4684033,Turns85deg
160033,TurnsRandom
1587033,Burst
7647033,Back-forth
8984033,Dead
2792034,MostlyStraight
2349034,Turns45deg
4684034,Turns85deg
160034,TurnsRandom
1587034,Burst
7647034,Back-forth
8984034,Dead
2792035,MostlyStraight
2349035,Turns45deg
4684035,Turns85deg
160035,TurnsRandom
1587035,Burst
7647035,Back-forth
8984035,Dead
2792036,MostlyStraight
2349036,Turns45deg
4684036,Turns85deg
160036,TurnsRandom
1587036,Burst
7647036,Back-forth
8984036,Dead
2792037,MostlyStraight
2349037,Turns45deg
4684037,Turns85deg
160037,TurnsRandom
1587037,Burst
7647037,Back-forth
8984037,Dead
2792038,MostlyStraight
2349038,Turns45deg
4684038,Turns85deg
160038,TurnsRandom
1587038,Burst
7647038,Back-forth
8984038,Dead
2792039,MostlyStraight
2349039,Turns45deg
4684039,Turns85deg
160039,TurnsRandom
1587039,Burst
7647039,Back-forth
8984039,Dead
2792040,MostlyStraight
2349040,Turns45deg
4684040,Turns85deg
160040,TurnsRandom
1587040,Burst
7647040,Back-forth
8984040,Dead
2792041,MostlyStraight
2349041,Turns45deg
4684041,Turns85deg
160041,TurnsRandom
1587041,Burst
7647041,Back-forth
8984041,Dead
2792042,MostlyStraight
2349042,Turns45deg
4684042,Turns85deg
160042,TurnsRandom
1587042,Burst
7647042,Back-forth
8984042,Dead
2792043,MostlyStraight
2349043,Turns45deg
4684043,Turns85deg
160043,TurnsRandom
1587043,Burst
7647043,Back-forth
8984043,Dead
2792044,MostlyStraight
2349044,Turns45deg
4684044,Turns85deg
160044,TurnsRandom
1587044,Burst
7647044,Back-forth
8984044,Dead
2792045,MostlyStraight
2349045,Turns45deg
4684045,Turns85deg
160045,TurnsRandom
1587045,Burst
7647045,Back-forth
8984045,Dead
2792046,MostlyStraight
2349046,Turns45deg
4684046,Turns85deg
160046,TurnsRandom
1587046,Burst
7647046,Back-forth
8984046,Dead
2792047,MostlyStraight
2349047,Turns45deg
4684047,Turns85deg
160047,TurnsRandom
1587047,Burst
7647047,Back-forth
8984047,Dead
2792048,MostlyStraight
2349048,Turns45deg
4684048,Turns85deg
160048,TurnsRandom
1587048,Burst
7647048,Back-forth
8984048,Dead
2792049,MostlyStraight
2349049,Turns45deg
4684049,Turns85deg
160049,TurnsRandom
1587049,Burst
7647049,Back-forth
8984049,Dead
